[
  {
    "año": 2022,
    "mujer": 387,
    "menhombre": 1713,
    "total": 2100,
    "rango femenino": 3.9,
    "rango masculino": 17.5,
    "total en el año": 10.60
  },
  {
    "año": 2021,
    "mujer": 304,
    "hombre": 1267,
    "total": 1571,
    "rango femenino": 3.0,
    "rango masculino": 13.1,
    "total del año": 8.00
  },

   {
    "año": 2020,
    "mujer":280	,
    "hombre": 1.322,
    "total":1.602,
    "rango femenino": 2.8,
    "rango masculino": 13.8,
    "total del año": 8.20
  },

  {
    "año": 2019,
    "mujer":362	,
    "hombre": 1.539,
    "total":1.901,
    "rango femenino": 3.7,
    "rango masculino": 16.3,
    "total del año": 9.90
  }


]
